interatomic distance(nm), energy(K), force(nN), time elapsed
0.380000000000, -125.092417150365, 25.678709256663, 0.0000
0.379998821510, -125.092719736982, 25.672871570720, 0.0003
0.379996486258, -125.093319128038, 25.661302641535, 0.0006
0.379992994767, -125.094214788340, 25.644002702019, 0.0009
0.379988347814, -125.095405917954, 25.620972102995, 0.0012
0.379982546438, -125.096891452665, 25.592211316083, 0.0015
0.379975591934, -125.098670064614, 25.557720937535, 0.0018
0.379967485858, -125.100740163078, 25.517501693029, 0.0021
0.379958230020, -125.103099895413, 25.471554443420, 0.0024
0.379947826492, -125.105747148152, 25.419880191437, 0.0027
0.379936277601, -125.108679548259, 25.362480089342, 0.0030
0.379923585933, -125.111894464553, 25.299355447531, 0.0033
0.379909754334, -125.115389009272, 25.230507744103, 0.0036
0.379894785905, -125.119160039816, 25.155938635363, 0.0039
0.379878684006, -125.123204160635, 25.075649967286, 0.0042
0.379861452255, -125.127517725291, 24.989643787926, 0.0045
0.379843094527, -125.132096838673, 24.897922360775, 0.0048
0.379823614955, -125.136937359380, 24.800488179063, 0.0051
0.379803017928, -125.142034902263, 24.697343981008, 0.0054
0.379781308095, -125.147384841140, 24.588492766007, 0.0057
0.379758490361, -125.152982311668, 24.473937811759, 0.0060
0.379734569886, -125.158822214388, 24.353682692337, 0.0063
0.379709552089, -125.164899217935, 24.227731297187, 0.0066
0.379683442646, -125.171207762415, 24.096087851058, 0.0069
0.379656247487, -125.177742062958, 23.958756934862, 0.0072
0.379627972801, -125.184496113437, 23.815743507454, 0.0075
0.379598625032, -125.191463690358, 23.667052928334, 0.0078
0.379568210880, -125.198638356927, 23.512690981258, 0.0081
0.379536737299, -125.206013467291, 23.352663898761, 0.0084
0.379504211500, -125.213582170948, 23.186978387581, 0.0087
0.379470640950, -125.221337417341, 23.015641654974, 0.0090
0.379436033367, -125.229271960620, 22.838661435923, 0.0093
0.379400396726, -125.237378364591, 22.656046021220, 0.0096
0.379363739256, -125.245649007836, 22.467804286428, 0.0099
0.379326069438, -125.254076089015, 22.273945721691, 0.0102
0.379287396007, -125.262651632350, 22.074480462409, 0.0105
0.379247727952, -125.271367493281, 21.869419320744, 0.0108
0.379207074510, -125.280215364314, 21.658773817957, 0.0111
0.379165445175, -125.289186781041, 21.442556217558, 0.0114
0.379122849688, -125.298273128347, 21.220779559257, 0.0117
0.379079298042, -125.307465646791, 20.993457693707, 0.0120
0.379034800479, -125.316755439178, 20.760605318003, 0.0123
0.378989367492, -125.326133477302, 20.522238011947, 0.0126
0.378943009822, -125.335590608878, 20.278372275036, 0.0129
0.378895738455, -125.345117564647, 20.029025564175, 0.0132
0.378847564628, -125.354704965664, 19.774216332069, 0.0135
0.378798499821, -125.364343330765, 19.513964066299, 0.0138
0.378748555761, -125.374023084204, 19.248289329035, 0.0141
0.378697744418, -125.383734563477, 18.977213797373, 0.0144
0.378646078008, -125.393468027308, 18.700760304273, 0.0147
0.378593568986, -125.403213663816, 18.418952880050, 0.0150
0.378540230050, -125.412961598847, 18.131816794416, 0.0153
0.378486074138, -125.422701904472, 17.839378599015, 0.0156
0.378431114427, -125.432424607658, 17.541666170436, 0.0159
0.378375364330, -125.442119699086, 17.238708753662, 0.0162
0.378318837499, -125.451777142143, 16.930537005915, 0.0165
0.378261547820, -125.461386882059, 16.617183040865, 0.0168
0.378203509411, -125.470938855193, 16.298680473157, 0.0171
0.378144736623, -125.480422998473, 15.975064463221, 0.0174
0.378085244038, -125.489829258972, 15.646371762307, 0.0177
0.378025046466, -125.499147603617, 15.312640757715, 0.0180
0.377964158945, -125.508368029039, 14.973911518155, 0.0183
0.377902596737, -125.517480571536, 14.630225839207, 0.0186
0.377840375327, -125.526475317165, 14.281627288800, 0.0189
0.377777510423, -125.535342411936, 13.928161252685, 0.0192
0.377714017952, -125.544072072118, 13.569874979824, 0.0195
0.377649914057, -125.552654594639, 13.206817627647, 0.0198
0.377585215096, -125.561080367578, 12.839040307107, 0.0201
0.377519937641, -125.569339880731, 12.466596127481, 0.0204
0.377454098473, -125.577423736255, 12.089540240837, 0.0207
0.377387714582, -125.585322659374, 11.707929886116, 0.0210
0.377320803163, -125.593027509133, 11.321824432742, 0.0213
0.377253381612, -125.600529289199, 10.931285423696, 0.0216
0.377185467526, -125.607819158690, 10.536376617988, 0.0219
0.377117078700, -125.614888443028, 10.137164032432, 0.0222
0.377048233120, -125.621728644794, 9.733715982661, 0.0225
0.376978948965, -125.628331454588, 9.326103123289, 0.0228
0.376909244601, -125.634688761867, 8.914398487156, 0.0231
0.376839138580, -125.640792665749, 8.498677523550, 0.0234
0.376768649632, -125.646635485791, 8.079018135326, 0.0237
0.376697796666, -125.652209772685, 7.655500714852, 0.0240
0.376626598765, -125.657508318906, 7.228208178659, 0.0243
0.376555075182, -125.662524169260, 6.797226000733, 0.0246
0.376483245336, -125.667250631331, 6.362642244341, 0.0249
0.376411128808, -125.671681285817, 5.924547592293, 0.0252
0.376338745338, -125.675809996724, 5.483035375561, 0.0255
0.376266114820, -125.679630921417, 5.038201600137, 0.0258
0.376193257296, -125.683138520498, 4.590144972049, 0.0261
0.376120192955, -125.686327567505, 4.138966920420, 0.0264
0.376046942126, -125.689193158402, 3.684771618486, 0.0267
0.375973525274, -125.691730720857, 3.227666002458, 0.0270
0.375899962995, -125.693936023275, 2.767759788139, 0.0273
0.375826276011, -125.695805183578, 2.305165485182, 0.0276
0.375752485166, -125.697334677710, 1.839998408898, 0.0279
0.375678611419, -125.698521347850, 1.372376689507, 0.0282
0.375604675840, -125.699362410305, 0.902421278737, 0.0285
0.375530699604, -125.699855463079, 0.430255953655, 0.0288
0.375456703985, -125.699998493089, -0.043992682347, 0.0291
0.375382710352, -125.699789883007, -0.520195201532, 0.0294
0.375308740162, -125.699228417721, -0.998219356842, 0.0297
0.375234814953, -125.698313290376, -1.477930090078, 0.0300
0.375160956340, -125.697044108002, -1.959189543326, 0.0303
0.375087186006, -125.695420896683, -2.441857073706, 0.0306
0.375013525701, -125.693444106269, -2.925789271563, 0.0309
0.374939997227, -125.691114614603, -3.410839982157, 0.0312
0.374866622442, -125.688433731246, -3.896860330959, 0.0315
0.374793423242, -125.685403200684, -4.383698752621, 0.0318
0.374720421565, -125.682025205001, -4.871201023698, 0.0321
0.374647639376, -125.678302365994, -5.359210299206, 0.0324
0.374575098662, -125.674237746721, -5.847567153072, 0.0327
0.374502821429, -125.669834852469, -6.336109622552, 0.0330
0.374430829688, -125.665097631114, -6.824673256663, 0.0333
0.374359145452, -125.660030472871, -7.313091168707, 0.0336
0.374287790730, -125.654638209415, -7.801194092910, 0.0339
0.374216787513, -125.648926112361, -8.288810445238, 0.0342
0.374146157771, -125.642899891095, -8.775766388420, 0.0345
0.374075923446, -125.636565689932, -9.261885901213, 0.0348
0.374006106442, -125.629930084614, -9.746990851931, 0.0351
0.373936728614, -125.623000078113, -10.230901076254, 0.0354
0.373867811768, -125.615783095750, -10.713434459331, 0.0357
0.373799377644, -125.608286979619, -11.194407022181, 0.0360
0.373731447914, -125.600519982304, -11.673633012377, 0.0363
0.373664044171, -125.592490759895, -12.150924999014, 0.0366
0.373597187919, -125.584208364294, -12.626093971927, 0.0369
0.373530900569, -125.575682234808, -13.098949445138, 0.0372
0.373465203426, -125.566922189034, -13.569299564482, 0.0375
0.373400117683, -125.557938413044, -14.036951219376, 0.0378
0.373335664411, -125.548741450852, -14.501710158668, 0.0381
0.373271864549, -125.539342193188, -14.963381110498, 0.0384
0.373208738901, -125.529751865582, -15.421767906094, 0.0387
0.373146308119, -125.519982015758, -15.876673607424, 0.0390
0.373084592700, -125.510044500352, -16.327900638599, 0.0393
0.373023612975, -125.499951470965, -16.775250920933, 0.0396
0.372963389100, -125.489715359574, -17.218526011531, 0.0399
0.372903941049, -125.479348863291, -17.657527245290, 0.0402
0.372845288600, -125.468864928520, -18.092055880180, 0.0405
0.372787451333, -125.458276734496, -18.521913245645, 0.0408
0.372730448615, -125.447597676254, -18.946900893991, 0.0411
0.372674299595, -125.436841347038, -19.366820754577, 0.0414
0.372619023194, -125.426021520163, -19.781475290652, 0.0417
0.372564638095, -125.415152130380, -20.190667658641, 0.0420
0.372511162734, -125.404247254750, -20.594201869698, 0.0423
0.372458615293, -125.393321093059, -20.991882953317, 0.0426
0.372407013691, -125.382387947817, -21.383517122805, 0.0429
0.372356375573, -125.371462203854, -21.768911942377, 0.0432
0.372306718305, -125.360558307557, -22.147876495668, 0.0435
0.372258058961, -125.349690745788, -22.520221555422, 0.0438
0.372210414317, -125.338874024499, -22.885759754108, 0.0441
0.372163800845, -125.328122647103, -23.244305755227, 0.0444
0.372118234698, -125.317451092631, -23.595676425055, 0.0447
0.372073731708, -125.306873793706, -23.939691004556, 0.0450
0.372030307376, -125.296405114387, -24.276171281200, 0.0453
0.371987976862, -125.286059327926, -24.604941760429, 0.0456
0.371946754980, -125.275850594461, -24.925829836477, 0.0459
0.371906656187, -125.265792938718, -25.238665962286, 0.0462
0.371867694580, -125.255900227736, -25.543283818225, 0.0465
0.371829883883, -125.246186148686, -25.839520479330, 0.0468
0.371793237444, -125.236664186804, -26.127216580791, 0.0471
0.371757768225, -125.227347603509, -26.406216481390, 0.0474
0.371723488797, -125.218249414729, -26.676368424605, 0.0477
0.371690411333, -125.209382369490, -26.937524697106, 0.0480
0.371658547599, -125.200758928824, -27.189541784346, 0.0483
0.371627908951, -125.192391245019, -27.432280522973, 0.0486
0.371598506324, -125.184291141273, -27.665606249785, 0.0489
0.371570350233, -125.176470091793, -27.889388946948, 0.0492
0.371543450761, -125.168939202378, -28.103503383213, 0.0495
0.371517817553, -125.161709191537, -28.307829250850, 0.0498
0.371493459818, -125.154790372179, -28.502251298067, 0.0501
0.371470386314, -125.148192633914, -28.686659456631, 0.0504
0.371448605351, -125.141925426017, -28.860948964464, 0.0507
0.371428124782, -125.135997741077, -29.025020482965, 0.0510
0.371408951999, -125.130418099389, -29.178780208837, 0.0513
0.371391093930, -125.125194534105, -29.322139980188, 0.0516
0.371374557034, -125.120334577193, -29.455017376708, 0.0519
0.371359347299, -125.115845246231, -29.577335813709, 0.0522
0.371345470236, -125.111733032071, -29.689024629852, 0.0525
0.371332930877, -125.108003887395, -29.790019168376, 0.0528
0.371321733773, -125.104663216200, -29.880260851667, 0.0531
0.371311882990, -125.101715864227, -29.959697249011, 0.0534
0.371303382106, -125.099166110368, -30.028282137411, 0.0537
0.371296234213, -125.097017659060, -30.085975555314, 0.0540
0.371290441910, -125.095273633695, -30.132743849165, 0.0543
0.371286007304, -125.093936571052, -30.168559712672, 0.0546
0.371282932008, -125.093008416775, -30.193402218722, 0.0549
0.371281217144, -125.092490521901, -30.207256843860, 0.0552
0.371280863333, -125.092383640442, -30.210115485293, 0.0555
0.371281870706, -125.092687928041, -30.201976470383, 0.0558
0.371284238896, -125.093402941694, -30.182844558608, 0.0561
0.371287967041, -125.094527640542, -30.152730935989, 0.0564
0.371293053785, -125.096060387728, -30.111653201980, 0.0567
0.371299497275, -125.097998953321, -30.059635348881, 0.0570
0.371307295170, -125.100340518294, -29.996707733776, 0.0573
0.371316444633, -125.103081679554, -29.922907043086, 0.0576
0.371326942340, -125.106218455996, -29.838276249794, 0.0579
0.371338784477, -125.109746295584, -29.742864563435, 0.0582
0.371351966745, -125.113660083438, -29.636727372953, 0.0585
0.371366484364, -125.117954150894, -29.519926182540, 0.0588
0.371382332069, -125.122622285530, -29.392528540593, 0.0591
0.371399504121, -125.127657742138, -29.254607961930, 0.0594
0.371417994306, -125.133053254590, -29.106243843421, 0.0597
0.371437795939, -125.138801048601, -28.947521373210, 0.0600
0.371458901869, -125.144892855341, -28.778531433704, 0.0603
0.371481304482, -125.151319925862, -28.599370498531, 0.0606
0.371504995705, -125.158073046321, -28.410140523658, 0.0609
0.371529967013, -125.165142553949, -28.210948832908, 0.0612
0.371556209430, -125.172518353731, -28.001907998068, 0.0615
0.371583713539, -125.180189935772, -27.783135713860, 0.0618
0.371612469482, -125.188146393288, -27.554754667979, 0.0621
0.371642466969, -125.196376441199, -27.316892406484, 0.0624
0.371673695283, -125.204868435274, -27.069681194765, 0.0627
0.371706143285, -125.213610391784, -26.813257874381, 0.0630
0.371739799423, -125.222590007624, -26.547763716010, 0.0633
0.371774651733, -125.231794680854, -26.273344268802, 0.0636
0.371810687853, -125.241211531624, -25.990149206406, 0.0639
0.371847895021, -125.250827423423, -25.698332169951, 0.0642
0.371886260090, -125.260628984624, -25.398050608261, 0.0645
0.371925769530, -125.270602630257, -25.089465615592, 0.0648
0.371966409437, -125.280734583993, -24.772741767182, 0.0651
0.372008165541, -125.291010900269, -24.448046952884, 0.0654
0.372051023213, -125.301417486517, -24.115552209177, 0.0657
0.372094967471, -125.311940125459, -23.775431549842, 0.0660
0.372139982990, -125.322564497414, -23.427861795575, 0.0663
0.372186054111, -125.333276202578, -23.073022402822, 0.0666
0.372233164846, -125.344060783236, -22.711095292112, 0.0669
0.372281298887, -125.354903745851, -22.342264676157, 0.0672
0.372330439617, -125.365790583018, -21.966716887986, 0.0675
0.372380570113, -125.376706795202, -21.584640209386, 0.0678
0.372431673162, -125.387637912258, -21.196224699888, 0.0681
0.372483731263, -125.398569514673, -20.801662026566, 0.0684
0.372536726637, -125.409487254503, -20.401145294888, 0.0687
0.372590641240, -125.420376875963, -19.994868880847, 0.0690
0.372645456764, -125.431224235646, -19.583028264623, 0.0693
0.372701154656, -125.442015322328, -19.165819865973, 0.0696
0.372757716115, -125.452736276332, -18.743440881583, 0.0699
0.372815122112, -125.463373408427, -18.316089124576, 0.0702
0.372873353391, -125.473913218226, -17.883962866380, 0.0705
0.372932390482, -125.484342412063, -17.447260681137, 0.0708
0.372992213708, -125.494647920322, -17.006181292836, 0.0711
0.373052803197, -125.504816914191, -16.560923425337, 0.0714
0.373114138885, -125.514836821835, -16.111685655448, 0.0717
0.373176200532, -125.524695343951, -15.658666269205, 0.0720
0.373238967727, -125.534380468693, -15.202063121484, 0.0723
0.373302419895, -125.543880485962, -14.742073499096, 0.0726
0.373366536312, -125.553184001032, -14.278893987470, 0.0729
0.373431296108, -125.562279947507, -13.812720341030, 0.0732
0.373496678278, -125.571157599600, -13.343747357388, 0.0735
0.373562661692, -125.579806583718, -12.872168755424, 0.0738
0.373629225103, -125.588216889356, -12.398177057340, 0.0741
0.373696347152, -125.596378879286, -11.921963474761, 0.0744
0.373764006385, -125.604283299035, -11.443717798950, 0.0747
0.373832181252, -125.611921285663, -10.963628295178, 0.0750
0.373900850121, -125.619284375827, -10.481881601304, 0.0753
0.373969991288, -125.626364513132, -9.998662630594, 0.0756
0.374039582978, -125.633154054780, -9.514154478802, 0.0759
0.374109603363, -125.639645777512, -9.028538335546, 0.0762
0.374180030560, -125.645832882853, -8.541993399965, 0.0765
0.374250842649, -125.651709001658, -8.054696800680, 0.0768
0.374322017672, -125.657268197980, -7.566823520035, 0.0771
0.374393533647, -125.662504972252, -7.078546322626, 0.0774
0.374465368575, -125.667414263801, -6.590035688065, 0.0777
0.374537500444, -125.671991452712, -6.101459747988, 0.0780
0.374609907240, -125.676232361032, -5.612984227244, 0.0783
0.374682566953, -125.680133253349, -5.124772389239, 0.0786
0.374755457587, -125.683690836744, -4.636984985379, 0.0789
0.374828557162, -125.686902260142, -4.149780208576, 0.0792
0.374901843728, -125.689765113059, -3.663313650736, 0.0795
0.374975295363, -125.692277423786, -3.177738264191, 0.0798
0.375048890191, -125.694437656997, -2.693204326989, 0.0801
0.375122606379, -125.696244710820, -2.209859411980, 0.0804
0.375196422149, -125.697697913383, -1.727848359619, 0.0807
0.375270315782, -125.698797018840, -1.247313254414, 0.0810
0.375344265627, -125.699542202913, -0.768393404924, 0.0813
0.375418250105, -125.699934057958, -0.291225327232, 0.0816
0.375492247715, -125.699973587569, 0.184057268202, 0.0819
0.375566237044, -125.699662200756, 0.657323486392, 0.0822
0.375640196766, -125.699001705695, 1.128445254481, 0.0825
0.375714105654, -125.697994303082, 1.597297325294, 0.0828
0.375787942582, -125.696642579111, 2.063757277881, 0.0831
0.375861686534, -125.694949498088, 2.527705515153, 0.0834
0.375935316604, -125.692918394699, 2.989025258709, 0.0837
0.376008812006, -125.690552965963, 3.447602540953, 0.0840
0.376082152079, -125.687857262878, 3.903326194604, 0.0843
0.376155316287, -125.684835681780, 4.356087839695, 0.0846
0.376228284232, -125.681492955440, 4.805781868176, 0.0849
0.376301035650, -125.677834143910, 5.252305426200, 0.0852
0.376373550422, -125.673864625143, 5.695558394221, 0.0855
0.376445808577, -125.669590085398, 6.135443364978, 0.0858
0.376517790294, -125.665016509453, 6.571865619484, 0.0861
0.376589475908, -125.660150170643, 7.004733101119, 0.0864
0.376660845916, -125.654997620739, 7.433956387907, 0.0867
0.376731880977, -125.649565679681, 7.859448663103, 0.0870
0.376802561921, -125.643861425191, 8.281125684163, 0.0873
0.376872869747, -125.637892182267, 8.698905750205, 0.0876
0.376942785630, -125.631665512595, 9.112709668053, 0.0879
0.377012290926, -125.625189203872, 9.522460716953, 0.0882
0.377081367172, -125.618471259065, 9.928084612053, 0.0885
0.377149996091, -125.611519885625, 10.329509466743, 0.0888
0.377218159597, -125.604343484660, 10.726665753931, 0.0891
0.377285839793, -125.596950640090, 11.119486266348, 0.0894
0.377353018981, -125.589350107780, 11.507906075967, 0.0897
0.377419679658, -125.581550804693, 11.891862492608, 0.0900
0.377485804525, -125.573561798039, 12.271295021825, 0.0903
0.377551376485, -125.565392294467, 12.646145322130, 0.0906
0.377616378648, -125.557051629275, 13.016357161656, 0.0909
0.377680794332, -125.548549255684, 13.381876374311, 0.0912
0.377744607069, -125.539894734161, 13.742650815498, 0.0915
0.377807800603, -125.531097721809, 14.098630317484, 0.0918
0.377870358892, -125.522167961833, 14.449766644467, 0.0921
0.377932266117, -125.513115273096, 14.796013447415, 0.0924
0.377993506676, -125.503949539761, 15.137326218737, 0.0927
0.378054065190, -125.494680701037, 15.473662246849, 0.0930
0.378113926504, -125.485318741033, 15.804980570692, 0.0933
0.378173075689, -125.475873678728, 16.131241934247, 0.0936
0.378231498045, -125.466355558061, 16.452408741124, 0.0939
0.378289179101, -125.456774438148, 16.768445009257, 0.0942
0.378346104616, -125.447140383636, 17.079316325757, 0.0945
0.378402260584, -125.437463455189, 17.384989801983, 0.0948
0.378457633230, -125.427753700129, 17.685434028860, 0.0951
0.378512209018, -125.418021143211, 17.980619032500, 0.0954
0.378565974647, -125.408275777561, 18.270516230164, 0.0957
0.378618917054, -125.398527555766, 18.555098386596, 0.0960
0.378671023418, -125.388786381126, 18.834339570785, 0.0963
0.378722281155, -125.379062099065, 19.108215113175, 0.0966
0.378772677925, -125.369364488713, 19.376701563361, 0.0969
0.378822201631, -125.359703254652, 19.639776648307, 0.0972
0.378870840419, -125.350088018835, 19.897419231117, 0.0975
0.378918582680, -125.340528312681, 20.149609270384, 0.0978
0.378965417051, -125.331033569337, 20.396327780144, 0.0981
0.379011332415, -125.321613116121, 20.637556790471, 0.0984
0.379056317902, -125.312276167147, 20.873279308723, 0.0987
0.379100362892, -125.303031816117, 21.103479281469, 0.0990
0.379143457011, -125.293889029305, 21.328141557130, 0.0993
0.379185590137, -125.284856638712, 21.547251849329, 0.0996
0.379226752397, -125.275943335407, 21.760796700993, 0.0999
0.379266934170, -125.267157663045, 21.968763449212, 0.1002
0.379306126083, -125.258508011570, 22.171140190878, 0.1005
0.379344319019, -125.250002611099, 22.367915749114, 0.1008
0.379381504111, -125.241649525982, 22.559079640512, 0.1011
0.379417672746, -125.233456649048, 22.744622043193, 0.1014
0.379452816563, -125.225431696033, 22.924533765701, 0.1017
0.379486927455, -125.217582200179, 23.098806216736, 0.1020
0.379519997571, -125.209915507022, 23.267431375755, 0.1023
0.379552019312, -125.202438769355, 23.430401764427, 0.1026
0.379582985335, -125.195158942369, 23.587710418972, 0.1029
0.379612888551, -125.188082778967, 23.739350863377, 0.1032
0.379641722129, -125.181216825265, 23.885317083508, 0.1035
0.379669479491, -125.174567416258, 24.025603502121, 0.1038
0.379696154315, -125.168140671667, 24.160204954769, 0.1041
0.379721740538, -125.161942491952, 24.289116666633, 0.1044
0.379746232349, -125.155978554507, 24.412334230258, 0.1047
0.379769624199, -125.150254310024, 24.529853584215, 0.1050
0.379791910790, -125.144774979017, 24.641670992688, 0.1053
0.379813087084, -125.139545548531, 24.747783025985, 0.1056
0.379833148301, -125.134570769011, 24.848186541989, 0.1059
0.379852089917, -125.129855151337, 24.942878668541, 0.1062
0.379869907664, -125.125402964029, 25.031856786758, 0.1065
0.379886597533, -125.121218230616, 25.115118515300, 0.1068
0.379902155772, -125.117304727170, 25.192661695570, 0.1071
0.379916578889, -125.113665980004, 25.264484377870, 0.1074
0.379929863645, -125.110305263528, 25.330584808494, 0.1077
0.379942007064, -125.107225598273, 25.390961417775, 0.1080
0.379953006424, -125.104429749074, 25.445612809079, 0.1083
0.379962859263, -125.101920223409, 25.494537748753, 0.1086
0.379971563376, -125.099699269905, 25.537735157019, 0.1089
0.379979116816, -125.097768876995, 25.575204099825, 0.1092
0.379985517897, -125.096130771740, 25.606943781646, 0.1095
0.379990765186, -125.094786418802, 25.632953539245, 0.1098
0.379994857513, -125.093737019584, 25.653232836376, 0.1101
0.379997793964, -125.092983511513, 25.667781259457, 0.1104
0.379999573882, -125.092526567496, 25.676598514181, 0.1107
0.380000196871, -125.092366595515, 25.679684423100, 0.1110
0.379999662791, -125.092503738395, 25.677038924148, 0.1113
0.379997971762, -125.092937873716, 25.668662070132, 0.1116
0.379995124162, -125.093668613882, 25.654554029167, 0.1119
0.379991120624, -125.094695306358, 25.634715086079, 0.1122
0.379985962045, -125.096017034044, 25.609145644750, 0.1125
0.379979649575, -125.097632615821, 25.577846231430, 0.1128
0.379972184625, -125.099540607248, 25.540817498994, 0.1131
0.379963568864, -125.101739301416, 25.498060232161, 0.1134
0.379953804217, -125.104226729954, 25.449575353665, 0.1137
0.379942892870, -125.107000664206, 25.395363931375, 0.1140
0.379930837265, -125.110058616551, 25.335427186375, 0.1143
0.379917640102, -125.113397841893, 25.269766501995, 0.1146
0.379903304341, -125.117015339306, 25.198383433789, 0.1149
0.379887833198, -125.120907853837, 25.121279720468, 0.1152
0.379871230146, -125.125071878473, 25.038457295783, 0.1155
0.379853498918, -125.129503656272, 24.949918301353, 0.1158
0.379834643503, -125.134199182649, 24.855665100442, 0.1161
0.379814668148, -125.139154207833, 24.755700292682, 0.1164
0.379793577356, -125.144364239484, 24.650026729740, 0.1167
0.379771375891, -125.149824545477, 24.538647531917, 0.1170
0.379748068769, -125.155530156850, 24.421566105701, 0.1173
0.379723661267, -125.161475870924, 24.298786162246, 0.1176
0.379698158916, -125.167656254584, 24.170311736779, 0.1179
0.379671567507, -125.174065647739, 24.036147208953, 0.1182
0.379643893082, -125.180698166942, 23.896297324106, 0.1185
0.379615141945, -125.187547709188, 23.750767215459, 0.1188
0.379585320653, -125.194607955885, 23.599562427211, 0.1191
0.379554436018, -125.201872376992, 23.442688938568, 0.1194
0.379522495108, -125.209334235338, 23.280153188653, 0.1197
0.379489505249, -125.216986591115, 23.111962102336, 0.1200
0.379455474017, -125.224822306542, 22.938123116943, 0.1203
0.379420409245, -125.232834050717, 22.758644209851, 0.1206
0.379384319022, -125.241014304632, 22.573533926965, 0.1209
0.379347211687, -125.249355366382, 22.382801412054, 0.1212
0.379309095834, -125.257849356543, 22.186456436949, 0.1215
0.379269980310, -125.266488223734, 21.984509432586, 0.1218
0.379229874216, -125.275263750357, 21.776971520882, 0.1221
0.379188786901, -125.284167558523, 21.563854547436, 0.1224
0.379146727969, -125.293191116152, 21.345171115037, 0.1227
0.379103707274, -125.302325743261, 21.120934617963, 0.1230
0.379059734918, -125.311562618426, 20.891159277067, 0.1233
0.379014821255, -125.320892785431, 20.655860175617, 0.1236
0.378968976888, -125.330307160097, 20.415053295881, 0.1239
0.378922212666, -125.339796537289, 20.168755556443, 0.1242
0.378874539687, -125.349351598100, 19.916984850221, 0.1245
0.378825969296, -125.358962917222, 19.659760083159, 0.1248
0.378776513082, -125.368620970490, 19.397101213596, 0.1251
0.378726182882, -125.378316142595, 19.129029292256, 0.1254
0.378674990772, -125.388038734988, 18.855566502856, 0.1257
0.378622949076, -125.397778973943, 18.576736203292, 0.1260
0.378570070356, -125.407527018795, 18.292562967381, 0.1263
0.378516367417, -125.417272970351, 18.003072627125, 0.1266
0.378461853304, -125.427006879462, 17.708292315461, 0.1269
0.378406541297, -125.436718755761, 17.408250509475, 0.1272
0.378350444916, -125.446398576557, 17.102977074030, 0.1275
0.378293577917, -125.456036295892, 16.792503305781, 0.1278
0.378235954289, -125.465621853748, 16.476861977526, 0.1281
0.378177588254, -125.475145185397, 16.156087382869, 0.1284
0.378118494265, -125.484596230905, 15.830215381133, 0.1287
0.378058687006, -125.493964944769, 15.499283442491, 0.1290
0.377998181387, -125.503241305684, 15.163330693258, 0.1293
0.377936992547, -125.512415326450, 14.822397961304, 0.1296
0.377875135846, -125.521477063988, 14.476527821530, 0.1299
0.377812626869, -125.530416629483, 14.125764641350, 0.1302
0.377749481421, -125.539224198626, 13.770154626140, 0.1305
0.377685715525, -125.547890021961, 13.409745864572, 0.1308
0.377621345420, -125.556404435331, 13.044588373791, 0.1311
0.377556387559, -125.564757870401, 12.674734144369, 0.1314
0.377490858607, -125.572940865261, 12.300237184964, 0.1317
0.377424775439, -125.580944075100, 11.921153566630, 0.1320
0.377358155134, -125.588758282932, 11.537541466695, 0.1323
0.377291014979, -125.596374410372, 11.149461212146, 0.1326
0.377223372458, -125.603783528457, 10.756975322449, 0.1329
0.377155245256, -125.610976868479, 10.360148551718, 0.1332
0.377086651254, -125.617945832846, 9.959047930168, 0.1335
0.377017608524, -125.624682005939, 9.553742804761, 0.1338
0.376948135328, -125.631177164965, 9.144304878975, 0.1341
0.376878250115, -125.637423290781, 8.730808251607, 0.1344
0.376807971517, -125.643412578687, 8.313329454516, 0.1347
0.376737318343, -125.649137449174, 7.891947489238, 0.1350
0.376666309580, -125.654590558596, 7.466743862366, 0.1353
0.376594964387, -125.659764809778, 7.037802619617, 0.1356
0.376523302091, -125.664653362521, 6.605210378479, 0.1359
0.376451342184, -125.669249644003, 6.169056359364, 0.1362
0.376379104318, -125.673547359052, 5.729432415154, 0.1365
0.376306608302, -125.677540500282, 5.286433059048, 0.1368
0.376233874095, -125.681223358067, 4.840155490622, 0.1371
0.376160921806, -125.684590530344, 4.390699619991, 0.1374
0.376087771686, -125.687636932220, 3.938168089975, 0.1377
0.376014444126, -125.690357805372, 3.482666296178, 0.1380
0.375940959650, -125.692748727217, 3.024302404867, 0.1383
0.375867338909, -125.694805619839, 2.563187368555, 0.1386
0.375793602682, -125.696524758647, 2.099434939195, 0.1389
0.375719771862, -125.697902780752, 1.633161678860, 0.1392
0.375645867461, -125.698936693043, 1.164486967836, 0.1395
0.375571910594, -125.699623879940, 0.693533010010, 0.1398
0.375497922482, -125.699962110806, 0.220424835449, 0.1401
0.375423924443, -125.699949547002, -0.254709699911, 0.1404
0.375349937883, -125.699584748562, -0.731739917582, 0.1407
0.375275984298, -125.698866680472, -1.210532322937, 0.1410
0.375202085260, -125.697794718526, -1.690950614811, 0.1413
0.375128262416, -125.696368654760, -2.172855698388, 0.1416
0.375054537479, -125.694588702415, -2.656105701469, 0.1419
0.374980932224, -125.692455500440, -3.140555994196, 0.1422
0.374907468477, -125.689970117498, -3.626059212331, 0.1425
0.374834168116, -125.687134055462, -4.112465284168, 0.1428
0.374761053055, -125.683949252393, -4.599621461161, 0.1431
0.374688145246, -125.680418084960, -5.087372352329, 0.1434
0.374615466664, -125.676543370312, -5.575559962535, 0.1437
0.374543039306, -125.672328367372, -6.064023734684, 0.1440
0.374470885182, -125.667776777529, -6.552600595913, 0.1443
0.374399026304, -125.662892744741, -7.041125007830, 0.1446
0.374327484685, -125.657680854999, -7.529429020853, 0.1449
0.374256282326, -125.652146135171, -8.017342332696, 0.1452
0.374185441212, -125.646294051193, -8.504692351046, 0.1455
0.374114983300, -125.640130505604, -8.991304260463, 0.1458
0.374044930517, -125.633661834414, -9.477001093527, 0.1461
0.373975304746, -125.626894803293, -9.961603806268, 0.1464
0.373906127822, -125.619836603073, -10.444931357874, 0.1467
0.373837421523, -125.612494844560, -10.926800794697, 0.1470
0.373769207560, -125.604877552646, -11.407027338560, 0.1473
0.373701507571, -125.596993159714, -11.885424479336, 0.1476
0.373634343112, -125.588850498340, -12.361804071806, 0.1479
0.373567735645, -125.580458793282, -12.835976436754, 0.1482
0.373501706537, -125.571827652766, -13.307750466273, 0.1485
0.373436277044, -125.562967059051, -13.776933733236, 0.1488
0.373371468307, -125.553887358299, -14.243332604879, 0.1491
0.373307301338, -125.544599249737, -14.706752360440, 0.1494
0.373243797020, -125.535113774121, -15.166997312771, 0.1497
0.373180976089, -125.525442301514, -15.623870933862, 0.1500
0.373118859130, -125.515596518378, -16.077175984163, 0.1503
0.373057466569, -125.505588413996, -16.526714645624, 0.1506
0.372996818659, -125.495430266243, -16.972288658338, 0.1509
0.372936935478, -125.485134626697, -17.413699460655, 0.1512
0.372877836913, -125.474714305139, -17.850748332658, 0.1515
0.372819542658, -125.464182353424, -18.283236542847, 0.1518
0.372762072198, -125.453552048772, -18.710965497884, 0.1521
0.372705444805, -125.442836876483, -19.133736895249, 0.1524
0.372649679529, -125.432050512098, -19.551352878624, 0.1527
0.372594795186, -125.421206803042, -19.963616195844, 0.1530
0.372540810351, -125.410319749764, -20.370330359213, 0.1533
0.372487743350, -125.399403486406, -20.771299807996, 0.1536
0.372435612249, -125.388472261027, -21.166330072887, 0.1539
0.372384434846, -125.377540415422, -21.555227942227, 0.1542
0.372334228664, -125.366622364552, -21.937801629762, 0.1545
0.372285010942, -125.355732575635, -22.313860943707, 0.1548
0.372236798622, -125.344885546926, -22.683217456878, 0.1551
0.372189608347, -125.334095786221, -23.045684677652, 0.1554
0.372143456448, -125.323377789122, -23.401078221498, 0.1557
0.372098358939, -125.312746017111, -23.749215982831, 0.1560
0.372054331505, -125.302214875461, -24.089918306922, 0.1563
0.372011389498, -125.291798691038, -24.423008161598, 0.1566
0.371969547924, -125.281511690017, -24.748311308453, 0.1569
0.371928821443, -125.271367975581, -25.065656473313, 0.1572
0.371889224351, -125.261381505621, -25.374875515653, 0.1575
0.371850770581, -125.251566070501, -25.675803596703, 0.1578
0.371813473693, -125.241935270918, -25.968279345951, 0.1581
0.371777346863, -125.232502495914, -26.252145025758, 0.1584
0.371742402883, -125.223280901077, -26.527246693799, 0.1587
0.371708654148, -125.214283386980, -26.793434363057, 0.1590
0.371676112650, -125.205522577905, -27.050562159061, 0.1593
0.371644789976, -125.197010800893, -27.298488474113, 0.1596
0.371614697296, -125.188760065172, -27.537076118207, 0.1599
0.371585845360, -125.180782041998, -27.766192466358, 0.1602
0.371558244492, -125.173088044965, -27.985709602089, 0.1605
0.371531904582, -125.165689010820, -28.195504456784, 0.1608
0.371506835082, -125.158595480825, -28.395458944660, 0.1611
0.371483045002, -125.151817582716, -28.585460093089, 0.1614
0.371460542904, -125.145365013289, -28.765400168029, 0.1617
0.371439336894, -125.139247021668, -28.935176794313, 0.1620
0.371419434622, -125.133472393272, -29.094693070567, 0.1623
0.371400843276, -125.128049434540, -29.243857678532, 0.1626
0.371383569575, -125.122985958439, -29.382584986564, 0.1629
0.371367619772, -125.118289270783, -29.510795147122, 0.1632
0.371352999643, -125.113966157415, -29.628414188033, 0.1635
0.371339714486, -125.110022872256, -29.735374097367, 0.1638
0.371327769123, -125.106465126273, -29.831612901730, 0.1641
0.371317167888, -125.103298077377, -29.917074737840, 0.1644
0.371307914633, -125.100526321284, -29.991709917222, 0.1647
0.371300012720, -125.098153883356, -30.055474983899, 0.1650
0.371293465022, -125.096184211441, -30.108332764956, 0.1653
0.371288273922, -125.094620169739, -30.150252413875, 0.1656
0.371284441308, -125.093464033688, -30.181209446559, 0.1659
0.371281968575, -125.092717485913, -30.201185769956, 0.1662
0.371280856623, -125.092381613215, -30.210169703233, 0.1665
0.371281105856, -125.092456904631, -30.208155991459, 0.1668
0.371282716185, -125.092943250563, -30.195145811762, 0.1671
0.371285687024, -125.093839942970, -30.171146771948, 0.1674
0.371290017290, -125.095145676634, -30.136172901593, 0.1677
0.371295705408, -125.096858551494, -30.090244635610, 0.1680
0.371302749309, -125.098976076032, -30.033388790346, 0.1683
0.371311146432, -125.101495171724, -29.965638532242, 0.1686
0.371320893723, -125.104412178521, -29.887033339123, 0.1689
0.371331987641, -125.107722861363, -29.797618954213, 0.1692
0.371344424158, -125.111422417709, -29.697447332941, 0.1695
0.371358198761, -125.115505486051, -29.586576582680, 0.1698
0.371373306453, -125.119966155416, -29.465070895516, 0.1701
0.371389741761, -125.124797975805, -29.333000474195, 0.1704
0.371407498734, -125.129993969568, -29.190441451407, 0.1707
0.371426570948, -125.135546643674, -29.037475802547, 0.1710
0.371446951512, -125.141448002848, -28.874191252153, 0.1713
0.371468633069, -125.147689563555, -28.700681174200, 0.1716
0.371491607801, -125.154262368781, -28.517044486435, 0.1719
0.371515867435, -125.161157003591, -28.323385538992, 0.1722
0.371541403244, -125.168363611419, -28.119813997476, 0.1725
0.371568206056, -125.175871911057, -27.906444720766, 0.1728
0.371596266259, -125.183671214305, -27.683397633768, 0.1731
0.371625573802, -125.191750444229, -27.450797595358, 0.1734
0.371656118205, -125.200098154011, -27.208774261778, 0.1737
0.371687888564, -125.208702546318, -26.957461945744, 0.1740
0.371720873555, -125.217551493177, -26.696999471514, 0.1743
0.371755061443, -125.226632556278, -26.427530026219, 0.1746
0.371790440086, -125.235933007704, -26.149201007699, 0.1749
0.371826996945, -125.245439850992, -25.862163869140, 0.1752
0.371864719087, -125.255139842529, -25.566573960797, 0.1755
0.371903593192, -125.265019513200, -25.262590369072, 0.1758
0.371943605565, -125.275065190264, -24.950375753239, 0.1761
0.371984742139, -125.285263019401, -24.630096180112, 0.1764
0.372026988483, -125.295598986893, -24.301920956915, 0.1767
0.372070329810, -125.306058941888, -23.966022462669, 0.1770
0.372114750986, -125.316628618707, -23.622575978357, 0.1773
0.372160236536, -125.327293659141, -23.271759516152, 0.1776
0.372206770655, -125.338039634710, -22.913753647997, 0.1779
0.372254337211, -125.348852068827, -22.548741333793, 0.1782
0.372302919759, -125.359716458830, -22.176907749483, 0.1785
0.372352501544, -125.370618297845, -21.798440115285, 0.1788
0.372403065515, -125.381543096438, -21.413527524337, 0.1791
0.372454594328, -125.392476404010, -21.022360772014, 0.1794
0.372507070359, -125.403403829913, -20.625132186156, 0.1797
0.372560475710, -125.414311064238, -20.222035458457, 0.1800
0.372614792219, -125.425183898244, -19.813265477241, 0.1803
0.372670001468, -125.436008244396, -19.399018161863, 0.1806
0.372726084792, -125.446770155982, -18.979490298935, 0.1809
0.372783023289, -125.457455846276, -18.554879380608, 0.1812
0.372840797828, -125.468051707212, -18.125383445101, 0.1815
0.372899389056, -125.478544327563, -17.691200919665, 0.1818
0.372958777411, -125.488920510571, -17.252530466175, 0.1821
0.373018943128, -125.499167291031, -16.809570829527, 0.1824
0.373079866248, -125.509271951787, -16.362520688986, 0.1827
0.373141526628, -125.519222039630, -15.911578512664, 0.1830
0.373203903951, -125.529005380585, -15.456942415258, 0.1833
0.373266977733, -125.538610094550, -14.998810019189, 0.1836
0.373330727330, -125.548024609295, -14.537378319266, 0.1839
0.373395131953, -125.557237673794, -14.072843550993, 0.1842
0.373460170670, -125.566238370884, -13.605401062623, 0.1845
0.373525822421, -125.575016129236, -13.135245191061, 0.1848
0.373592066022, -125.583560734637, -12.662569141690, 0.1851
0.373658880175, -125.591862340568, -12.187564872213, 0.1854
0.373726243477, -125.599911478084, -11.710422980564, 0.1857
0.373794134431, -125.607699064979, -11.231332596961, 0.1860
0.373862531449, -125.615216414249, -10.750481280128, 0.1863
0.373931412867, -125.622455241837, -10.268054917754, 0.1866
0.374000756947, -125.629407673680, -9.784237631195, 0.1869
0.374070541890, -125.636066252036, -9.299211684454, 0.1872
0.374140745842, -125.642423941121, -8.813157397451, 0.1875
0.374211346903, -125.648474132045, -8.326253063590, 0.1878
0.374282323134, -125.654210647052, -7.838674871613, 0.1881
0.374353652566, -125.659627743087, -7.350596831745, 0.1884
0.374425313209, -125.664720114679, -6.862190706098, 0.1887
0.374497283054, -125.669482896166, -6.373625943323, 0.1890
0.374569540090, -125.673911663264, -5.885069617472, 0.1893
0.374642062304, -125.678002433996, -5.396686371033, 0.1896
0.374714827689, -125.681751668989, -4.908638362095, 0.1899
0.374787814256, -125.685156271155, -4.421085215601, 0.1902
0.374861000036, -125.688213584778, -3.934183978623, 0.1905
0.374934363093, -125.690921394008, -3.448089079605, 0.1908
0.375007881522, -125.693277920783, -2.962952291512, 0.1911
0.375081533466, -125.695281822203, -2.478922698815, 0.1914
0.375155297115, -125.696932187365, -1.996146668230, 0.1917
0.375229150716, -125.698228533673, -1.514767823146, 0.1920
0.375303072579, -125.699170802649, -1.034927021660, 0.1923
0.375377041085, -125.699759355264, -0.556762338121, 0.1926
0.375451034689, -125.699994966792, -0.080409048114, 0.1929
0.375525031926, -125.699878821228, 0.394000383211, 0.1932
0.375599011422, -125.699412505271, 0.866336309570, 0.1935
0.375672951893, -125.698598001895, 1.336471908805, 0.1938
0.375746832157, -125.697437683538, 1.804283185098, 0.1941
0.375820631136, -125.695934304911, 2.269648968208, 0.1944
0.375894327860, -125.694090995460, 2.732450909850, 0.1947
0.375967901478, -125.691911251491, 3.192573477311, 0.1950
0.376041331257, -125.689398927981, 3.649903944396, 0.1953
0.376114596590, -125.686558230103, 4.104332379815, 0.1956
0.376187677003, -125.683393704455, 4.555751633103, 0.1959
0.376260552155, -125.679910230053, 5.004057318188, 0.1962
0.376333201847, -125.676113009069, 5.449147794688, 0.1965
0.376405606024, -125.672007557355, 5.890924147065, 0.1968
0.376477744781, -125.667599694761, 6.329290161710, 0.1971
0.376549598365, -125.662895535267, 6.764152302077, 0.1974
0.376621147182, -125.657901476948, 7.195419681958, 0.1977
0.376692371802, -125.652624191789, 7.623004037003, 0.1980
0.376763252957, -125.647070615359, 8.046819694571, 0.1983
0.376833771551, -125.641247936371, 8.466783542024, 0.1986
0.376903908662, -125.635163586138, 8.882814993546, 0.1989
0.376973645545, -125.628825227941, 9.294835955584, 0.1992
0.377042963633, -125.622240746325, 9.702770791008, 0.1995
0.377111844548, -125.615418236333, 10.106546282073, 0.1998
0.377180270094, -125.608365992703, 10.506091592272, 0.2001
0.377248222270, -125.601092499029, 10.901338227176, 0.2004
0.377315683267, -125.593606416904, 11.292219994330, 0.2007
0.377382635472, -125.585916575064, 11.678672962306, 0.2010
0.377449061473, -125.578031958533, 12.060635418974, 0.2013
0.377514944058, -125.569961697792, 12.438047829086, 0.2016
0.377580266222, -125.561715057974, 12.810852791244, 0.2019
0.377645011168, -125.553301428110, 13.178994994324, 0.2022
0.377709162308, -125.544730310411, 13.542421173430, 0.2025
0.377772703266, -125.536011309628, 13.901080065449, 0.2028
0.377835617883, -125.527154122472, 14.254922364277, 0.2031
0.377897890213, -125.518168527118, 14.603900675773, 0.2034
0.377959504534, -125.509064372797, 14.947969472522, 0.2037
0.378020445341, -125.499851569488, 15.287085048444, 0.2040
0.378080697356, -125.490540077703, 15.621205473336, 0.2043
0.378140245522, -125.481139898399, 15.950290547376, 0.2046
0.378199075013, -125.471661062994, 16.274301755669, 0.2049
0.378257171228, -125.462113623518, 16.593202222871, 0.2052
0.378314519800, -125.452507642884, 16.906956667949, 0.2055
0.378371106589, -125.442853185307, 17.215531359125, 0.2058
0.378426917693, -125.433160306849, 17.518894069048, 0.2061
0.378481939443, -125.423439046126, 17.817014030241, 0.2064
0.378536158405, -125.413699415153, 18.109861890869, 0.2067
0.378589561385, -125.403951390347, 18.397409670855, 0.2070
0.378642135426, -125.394204903687, 18.679630718407, 0.2073
0.378693867811, -125.384469834041, 18.956499666964, 0.2076
0.378744746066, -125.374755998647, 19.227992392621, 0.2079
0.378794757957, -125.365073144771, 19.494085972053, 0.2082
0.378843891495, -125.355430941528, 19.754758640971, 0.2085
0.378892134934, -125.345838971878, 20.009989753146, 0.2088
0.378939476773, -125.336306724794, 20.259759740021, 0.2091
0.378985905759, -125.326843587607, 20.504050070947, 0.2094
0.379031410885, -125.317458838528, 20.742843214059, 0.2097
0.379075981389, -125.308161639342, 20.976122597827, 0.2100
0.379119606762, -125.298961028296, 21.203872573291, 0.2103
0.379162276741, -125.289865913145, 21.426078377011, 0.2106
0.379203981315, -125.280885064400, 21.642726094754, 0.2109
0.379244710720, -125.272027108741, 21.853802625924, 0.2112
0.379284455446, -125.263300522623, 22.059295648766, 0.2115
0.379323206235, -125.254713626052, 22.259193586351, 0.2118
0.379360954079, -125.246274576551, 22.453485573361, 0.2121
0.379397690223, -125.237991363303, 22.642161423694, 0.2124
0.379433406166, -125.229871801474, 22.825211598882, 0.2127
0.379468093660, -125.221923526722, 23.002627177364, 0.2130
0.379501744710, -125.214153989873, 23.174399824598, 0.2133
0.379534351578, -125.206570451796, 23.340521764038, 0.2136
0.379565906778, -125.199179978433, 23.500985748981, 0.2139
0.379596403079, -125.191989436028, 23.655785035293, 0.2142
0.379625833507, -125.185005486516, 23.804913355018, 0.2145
0.379654191341, -125.178234583103, 23.948364890891, 0.2148
0.379681470119, -125.171682966006, 24.086134251740, 0.2151
0.379707663632, -125.165356658379, 24.218216448810, 0.2154
0.379732765929, -125.159261462406, 24.344606872982, 0.2157
0.379756771315, -125.153402955566, 24.465301272929, 0.2160
0.379779674352, -125.147786487074, 24.580295734180, 0.2163
0.379801469858, -125.142417174487, 24.689586659120, 0.2166
0.379822152908, -125.137299900478, 24.793170747914, 0.2169
0.379841718836, -125.132439309783, 24.891044980372, 0.2172
0.379860163231, -125.127839806312, 24.983206598745, 0.2175
0.379877481940, -125.123505550427, 25.069653091463, 0.2178
0.379893671069, -125.119440456379, 25.150382177815, 0.2181
0.379908726979, -125.115648189922, 25.225391793571, 0.2184
0.379922646291, -125.112132166075, 25.294680077554, 0.2187
0.379935425882, -125.108895547057, 25.358245359157, 0.2190
0.379947062890, -125.105941240378, 25.416086146805, 0.2193
0.379957554706, -125.103271897095, 25.468201117375, 0.2196
0.379966898983, -125.100889910221, 25.514589106560, 0.2199
0.379975093632, -125.098797413301, 25.555249100188, 0.2202
0.379982136818, -125.096996279140, 25.590180226498, 0.2205
0.379988026970, -125.095488118694, 25.619381749358, 0.2208
0.379992762770, -125.094274280114, 25.642853062448, 0.2211
0.379996343162, -125.093355847955, 25.660593684392, 0.2214
0.379998767345, -125.092733642528, 25.672603254848, 0.2217
0.380000034779, -125.092408219425, 25.678881531546, 0.2220
0.380000145181, -125.092379869185, 25.679428388293, 0.2223
0.379999098526, -125.092648617129, 25.674243813920, 0.2226
0.379996895047, -125.093214223341, 25.663327912193, 0.2229
0.379993535237, -125.094076182811, 25.646680902678, 0.2232
0.379989019845, -125.095233725731, 25.624303122562, 0.2235
0.379983349880, -125.096685817950, 25.596195029422, 0.2238
0.379976526608, -125.098431161582, 25.562357204961, 0.2241
0.379968551554, -125.100468195773, 25.522790359688, 0.2244
0.379959426501, -125.102795097626, 25.477495338560, 0.2247
0.379949153489, -125.105409783280, 25.426473127572, 0.2250
0.379937734817, -125.108309909150, 25.369724861307, 0.2253
0.379925173043, -125.111492873322, 25.307251831432, 0.2256
0.379911470981, -125.114955817113, 25.239055496150, 0.2259
0.379896631704, -125.118695626786, 25.165137490605, 0.2262
0.379880658543, -125.122708935425, 25.085499638231, 0.2265
0.379863555086, -125.126992124973, 25.000143963060, 0.2268
0.379845325178, -125.131541328435, 24.909072702963, 0.2271
0.379825972924, -125.136352432236, 24.812288323854, 0.2274
0.379805502685, -125.141421078751, 24.709793534826, 0.2277
0.379783919078, -125.146742668997, 24.601591304235, 0.2280
0.379761226978, -125.152312365484, 24.487684876721, 0.2283
0.379737431519, -125.158125095248, 24.368077791171, 0.2286
0.379712538090, -125.164175553034, 24.242773899611, 0.2289
0.379686552336, -125.170458204660, 24.111777387031, 0.2292
0.379659480160, -125.176967290547, 23.975092792144, 0.2295
0.379631327721, -125.183696829418, 23.832725029056, 0.2298
0.379602101434, -125.190640622174, 23.684679409866, 0.2301
0.379571807969, -125.197792255936, 23.530961668179, 0.2304
0.379540454252, -125.205145108264, 23.371577983517, 0.2307
0.379508047465, -125.212692351554, 23.206535006647, 0.2310
0.379474595045, -125.220426957608, 23.035839885798, 0.2313
0.379440104682, -125.228341702376, 22.859500293760, 0.2316
0.379404584323, -125.236429170886, 22.677524455880, 0.2319
0.379368042167, -125.244681762342, 22.489921178913, 0.2322
0.379330486666, -125.253091695408, 22.296699880745, 0.2325
0.379291926528, -125.261651013666, 22.097870620968, 0.2328
0.379252370710, -125.270351591263, 21.893444132292, 0.2331
0.379211828424, -125.279185138726, 21.683431852789, 0.2334
0.379170309133, -125.288143208967, 21.467845958955, 0.2337
0.379127822551, -125.297217203471, 21.246699399568, 0.2340
0.379084378642, -125.306398378654, 21.020005930341, 0.2343
0.379039987621, -125.315677852414, 20.787780149345, 0.2346
0.378994659950, -125.325046610858, 20.550037533178, 0.2349
0.378948406343, -125.334495515206, 20.306794473881, 0.2352
0.378901237760, -125.344015308884, 20.058068316566, 0.2355
0.378853165407, -125.353596624784, 19.803877397736, 0.2358
0.378804200738, -125.363229992718, 19.544241084282, 0.2361
0.378754355452, -125.372905847029, 19.279179813128, 0.2364
0.378703641492, -125.382614534401, 19.008715131503, 0.2367
0.378652071044, -125.392346321820, 18.732869737804, 0.2370
0.378599656538, -125.402091404726, 18.451667523037, 0.2373
0.378546410644, -125.411839915322, 18.165133612794, 0.2376
0.378492346272, -125.421581931058, 17.873294409733, 0.2379
0.378437476573, -125.431307483278, 17.576177636547, 0.2382
0.378381814934, -125.441006566026, 17.273812379358, 0.2385
0.378325374979, -125.450669145018, 16.966229131528, 0.2388
0.378268170567, -125.460285166755, 16.653459837823, 0.2391
0.378210215790, -125.469844567808, 16.335537938915, 0.2394
0.378151524975, -125.479337284224, 16.012498416159, 0.2397
0.378092112675, -125.488753261099, 15.684377836607, 0.2400
0.378031993677, -125.498082462269, 15.351214398219, 0.2403
0.377971182990, -125.507314880140, 15.013047975218, 0.2406
0.377909695854, -125.516440545647, 14.669920163533, 0.2409
0.377847547727, -125.525449538323, 14.321874326293, 0.2412
0.377784754293, -125.534331996490, 13.968955639293, 0.2415
0.377721331453, -125.543078127548, 13.611211136409, 0.2418
0.377657295326, -125.551678218368, 13.248689754864, 0.2421
0.377592662248, -125.560122645768, 12.881442380321, 0.2424
0.377527448764, -125.568401887081, 12.509521891711, 0.2427
0.377461671634, -125.576506530784, 12.132983205750, 0.2430
0.377395347823, -125.584427287201, 11.751883321061, 0.2433
0.377328494504, -125.592154999248, 11.366281361855, 0.2436
0.377261129049, -125.599680653236, 10.976238621065, 0.2439
0.377193269034, -125.606995389692, 10.581818602892, 0.2442
0.377124932231, -125.614090514214, 10.183087064670, 0.2445
0.377056136606, -125.620957508326, 9.780112057967, 0.2448
0.376986900315, -125.627588040336, 9.372963968862, 0.2451
0.376917241704, -125.633973976179, 8.961715557288, 0.2454
0.376847179302, -125.640107390231, 8.546441995383, 0.2457
0.376776731822, -125.645980576080, 8.127220904746, 0.2460
0.376705918153, -125.651586057243, 7.704132392513, 0.2463
0.376634757357, -125.656916597817, 7.277259086171, 0.2466
0.376563268669, -125.661965213036, 6.846686167007, 0.2469
0.376491471489, -125.666725179736, 6.412501402107, 0.2472
0.376419385381, -125.671190046702, 5.974795174807, 0.2475
0.376347030067, -125.675353644881, 5.533660513504, 0.2478
0.376274425423, -125.679210097449, 5.089193118723, 0.2481
0.376201591476, -125.682753829713, 4.641491388347, 0.2484
0.376128548399, -125.685979578825, 4.190656440910, 0.2487
0.376055316504, -125.688882403306, 3.736792136853, 0.2490
0.375981916243, -125.691457692342, 3.280005097639, 0.2493
0.375908368196, -125.693701174851, 2.820404722631, 0.2496
0.375834693073, -125.695608928293, 2.358103203630, 0.2499
0.375760911703, -125.697177387204, 1.893215536966, 0.2502
0.375687045033, -125.698403351446, 1.425859533049, 0.2505
0.375613114122, -125.699283994139, 0.956155823275, 0.2508
0.375539140132, -125.699816869268, 0.484227864182, 0.2511
0.375465144327, -125.699999918936, 0.010201938762, 0.2514
0.375391148067, -125.699831480258, -0.465792845165, 0.2517
0.375317172799, -125.699310291860, -0.943624559635, 0.2520
0.375243240051, -125.698435499972, -1.423158464343, 0.2523
0.375169371431, -125.697206664104, -1.904257017697, 0.2526
0.375095588616, -125.695623762269, -2.386779891185, 0.2529
0.375021913347, -125.693687195748, -2.870583987166, 0.2532
0.374948367424, -125.691397793373, -3.355523460154, 0.2535
0.374874972695, -125.688756815311, -3.841449741704, 0.2538
0.374801751056, -125.685765956332, -4.328211568950, 0.2541
0.374728724439, -125.682427348542, -4.815655016905, 0.2544
0.374655914807, -125.678743563563, -5.303623534570, 0.2547
0.374583344146, -125.674717614149, -5.791957984939, 0.2550
0.374511034460, -125.670352955221, -6.280496688964, 0.2553
0.374439007761, -125.665653484291, -6.769075473526, 0.2556
0.374367286062, -125.660623541290, -7.257527723486, 0.2559
0.374295891372, -125.655267907759, -7.745684437859, 0.2562
0.374224845687, -125.649591805403, -8.233374290147, 0.2565
0.374154170979, -125.643600893992, -8.720423692888, 0.2568
0.374083889195, -125.637301268605, -9.206656866430, 0.2571
0.374014022242, -125.630699456197, -9.691895911979, 0.2574
0.373944591984, -125.623802411482, -10.175960888919, 0.2577
0.373875620232, -125.616617512134, -10.658669896428, 0.2580
0.373807128735, -125.609152553288, -11.139839159388, 0.2583
0.373739139173, -125.601415741337, -11.619283118587, 0.2586
0.373671673148, -125.593415687032, -12.096814525198, 0.2589
0.373604752178, -125.585161397861, -12.572244539521, 0.2592
0.373538397682, -125.576662269731, -13.045382833947, 0.2595
0.373472630980, -125.567928077931, -13.516037700114, 0.2598
0.373407473278, -125.558968967393, -13.984016160214, 0.2601
0.373342945662, -125.549795442245, -14.449124082377, 0.2604
0.373279069088, -125.540418354662, -14.911166300084, 0.2607
0.373215864373, -125.530848893027, -15.369946735523, 0.2610
0.373153352190, -125.521098569400, -15.825268526810, 0.2613
0.373091553055, -125.511179206319, -16.276934158972, 0.2616
0.373030487316, -125.501102922923, -16.724745598600, 0.2619
0.372970175153, -125.490882120435, -17.168504432046, 0.2622
0.372910636558, -125.480529466996, -17.608012007047, 0.2625
0.372851891336, -125.470057881887, -18.043069577640, 0.2628
0.372793959088, -125.459480519138, -18.473478452225, 0.2631
0.372736859207, -125.448810750561, -18.899040144624, 0.2634
0.372680610868, -125.438062148219, -19.319556527963, 0.2637
0.372625233017, -125.427248466350, -19.734829991226, 0.2640
0.372570744367, -125.416383622787, -20.144663598275, 0.2643
0.372517163382, -125.405481679883, -20.548861249159, 0.2646
0.372464508274, -125.394556824981, -20.947227843513, 0.2649
0.372412796994, -125.383623350453, -21.339569445824, 0.2652
0.372362047217, -125.372695633340, -21.725693452369, 0.2655
0.372312276343, -125.361788114634, -22.105408759582, 0.2658
0.372263501479, -125.350915278219, -22.478525933619, 0.2661
0.372215739437, -125.340091629526, -22.844857380896, 0.2664
0.372169006723, -125.329331673927, -23.204217519334, 0.2667
0.372123319529, -125.318649894912, -23.556422950071, 0.2670
0.372078693723, -125.308060732080, -23.901292629373, 0.2673
0.372035144845, -125.297578559000, -24.238648040489, 0.2676
0.371992688094, -125.287217660967, -24.568313365171, 0.2679
0.371951338325, -125.276992212708, -24.890115654597, 0.2682
0.371911110036, -125.266916256072, -25.203884999401, 0.2685
0.371872017365, -125.257003677753, -25.509454698554, 0.2688
0.371834074080, -125.247268187095, -25.806661426797, 0.2691
0.371797293573, -125.237723294007, -26.095345400345, 0.2694
0.371761688850, -125.228382287058, -26.375350540578, 0.2697
0.371727272527, -125.219258211776, -26.646524635435, 0.2700
0.371694056823, -125.210363849205, -26.908719498230, 0.2703
0.371662053552, -125.201711694768, -27.161791123589, 0.2706
0.371631274115, -125.193313937482, -27.405599840252, 0.2709
0.371601729499, -125.185182439557, -27.640010460436, 0.2712
0.371573430265, -125.177328716445, -27.864892425504, 0.2715
0.371546386545, -125.169763917362, -28.080119947651, 0.2718
0.371520608037, -125.162498806345, -28.285572147353, 0.2721
0.371496103998, -125.155543743869, -28.481133186314, 0.2724
0.371472883240, -125.148908669081, -28.666692395655, 0.2727
0.371450954122, -125.142603082680, -28.842144399096, 0.2730
0.371430324551, -125.136636030492, -29.007389230903, 0.2733
0.371411001971, -125.131016087768, -29.162332448349, 0.2736
0.371392993365, -125.125751344250, -29.306885238492, 0.2739
0.371376305245, -125.120849390033, -29.440964519032, 0.2742
0.371360943652, -125.116317302265, -29.564493033076, 0.2745
0.371346914152, -125.112161632706, -29.677399437587, 0.2748
0.371334221833, -125.108388396184, -29.779618385371, 0.2751
0.371322871300, -125.105003059968, -29.871090600417, 0.2754
0.371312866674, -125.102010534090, -29.951762946435, 0.2757
0.371304211591, -125.099415162642, -30.021588488474, 0.2760
0.371296909197, -125.097220716050, -30.080526547463, 0.2763
0.371290962147, -125.095430384371, -30.128542747595, 0.2766
0.371286372604, -125.094046771609, -30.165609056423, 0.2769
0.371283142240, -125.093071891067, -30.191703817624, 0.2772
0.371281272230, -125.092507161761, -30.206811776325, 0.2775
0.371280763254, -125.092353405876, -30.210924096965, 0.2778
0.371281615498, -125.092610847307, -30.204038373646, 0.2781
0.371283828651, -125.093279111249, -30.186158632950, 0.2784
0.371287401909, -125.094357224875, -30.157295329228, 0.2787
0.371292333971, -125.095843619068, -30.117465332346, 0.2790
0.371298623042, -125.097736131228, -30.066691907946, 0.2793
0.371306266835, -125.100032009125, -30.005004690234, 0.2796
0.371315262571, -125.102727915814, -29.932439647372, 0.2799
0.371325606979, -125.105819935570, -29.849039039527, 0.2802
0.371337296303, -125.109303580859, -29.754851369681, 0.2805
0.371350326298, -125.113173800302, -29.649931327295, 0.2808
0.371364692238, -125.117424987635, -29.534339724936, 0.2811
0.371380388915, -125.122050991623, -29.408143428011, 0.2814
0.371397410641, -125.127045126923, -29.271415277736, 0.2817
0.371415751258, -125.132400185854, -29.124234007510, 0.2820
0.371435404134, -125.138108451061, -28.966684152852, 0.2823
0.371456362170, -125.144161709025, -28.798855955088, 0.2826
0.371478617804, -125.150551264410, -28.620845258981, 0.2829
0.371502163016, -125.157267955190, -28.432753404501, 0.2832
0.371526989332, -125.164302168534, -28.234687112960, 0.2835
0.371553087827, -125.171643857419, -28.026758367726, 0.2838
0.371580449133, -125.179282557907, -27.809084289756, 0.2841
0.371609063442, -125.187207407078, -27.581787008184, 0.2844
0.371638920514, -125.195407161550, -27.344993526217, 0.2847
0.371670009678, -125.203870216568, -27.098835582593, 0.2850
0.371702319845, -125.212584625603, -26.843449508867, 0.2853
0.371735839507, -125.221538120420, -26.578976082783, 0.2856
0.371770556748, -125.230718131580, -26.305560378023, 0.2859
0.371806459249, -125.240111809317, -26.023351610584, 0.2862
0.371843534296, -125.249706044761, -25.732502982091, 0.2865
0.371881768782, -125.259487491445, -25.433171520305, 0.2868
0.371921149222, -125.269442587064, -25.125517917123, 0.2871
0.371961661754, -125.279557575430, -24.809706364355, 0.2874
0.372003292149, -125.289818528589, -24.485904387550, 0.2877
0.372046025816, -125.300211369041, -24.154282678179, 0.2880
0.372089847815, -125.310721892028, -23.815014924438, 0.2883
0.372134742859, -125.321335787847, -23.468277640958, 0.2886
0.372180695326, -125.332038664133, -23.114249997714, 0.2889
0.372227689263, -125.342816068080, -22.753113648391, 0.2892
0.372275708401, -125.353653508556, -22.385052558491, 0.2895
0.372324736154, -125.364536478063, -22.010252833444, 0.2898
0.372374755636, -125.375450474513, -21.628902546994, 0.2901
0.372425749665, -125.386381022770, -21.241191570101, 0.2904
0.372477700772, -125.397313695929, -20.847311400633, 0.2907
0.372530591209, -125.408234136288, -20.447454994076, 0.2910
0.372584402961, -125.419128075983, -20.041816595501, 0.2913
0.372639117750, -125.429981357249, -19.630591573036, 0.2916
0.372694717049, -125.440779952277, -19.213976253038, 0.2919
0.372751182086, -125.451509982629, -18.792167757212, 0.2922
0.372808493856, -125.462157738192, -18.365363841851, 0.2925
0.372866633128, -125.472709695639, -17.933762739422, 0.2928
0.372925580455, -125.483152536360, -17.497563002671, 0.2931
0.372985316185, -125.493473163860, -17.056963351434, 0.2934
0.373045820465, -125.503658720585, -16.612162522313, 0.2937
0.373107073254, -125.513696604151, -16.163359121399, 0.2940
0.373169054330, -125.523574482980, -15.710751480167, 0.2943
0.373231743299, -125.533280311297, -15.254537514705, 0.2946
0.373295119607, -125.542802343491, -14.794914588399, 0.2949
0.373359162545, -125.552129147818, -14.332079378190, 0.2952
0.373423851257, -125.561249619438, -13.866227744535, 0.2955
0.373489164755, -125.570152992770, -13.397554605143, 0.2958
0.373555081921, -125.578828853156, -12.926253812613, 0.2961
0.373621581520, -125.587267147839, -12.452518036022, 0.2964
0.373688642208, -125.595458196224, -11.976538646565, 0.2967
0.373756242536, -125.603392699450, -11.498505607288, 0.2970
0.373824360968, -125.611061749237, -11.018607366984, 0.2973
0.373892975880, -125.618456836034, -10.537030758290, 0.2976
0.373962065573, -125.625569856458, -10.053960900012, 0.2979
0.374031608282, -125.632393120013, -9.569581103728, 0.2982
0.374101582183, -125.638919355122, -9.084072784660, 0.2985
0.374171965399, -125.645141714444, -8.597615376852, 0.2988
0.374242736011, -125.651053779503, -8.110386252629, 0.2991
0.374313872068, -125.656649564632, -7.622560646360, 0.2994
0.374385351589, -125.661923520232, -7.134311582488, 0.2997
0.3754635551594852622895168052, -125.7, 0, 0
